year,lgID,tmID,franchID,distinct_coaches,distinct_stints,inseason_change_proxy,offseason_change_proxy
1917,NHL,MTL,MTL,1,1,0,
1917,NHL,MTW,MTW,1,1,0,
1917,NHL,OTS,STE,1,1,0,
1917,NHL,TOA,TOR,1,1,0,
1918,NHL,MTL,MTL,1,1,0,0
1918,NHL,OTS,STE,1,1,0,1
1918,NHL,TOA,TOR,1,1,0,0
1919,NHL,MTL,MTL,1,1,0,0
1919,NHL,OTS,STE,1,1,0,1
1919,NHL,QUB,BKN,1,1,0,
1919,NHL,TRS,TOR,2,2,1,1
1920,NHL,HAM,BKN,1,1,0,1
1920,NHL,MTL,MTL,1,1,0,0
1920,NHL,OTS,STE,1,1,0,0
1920,NHL,TRS,TOR,1,1,0,1
1921,NHL,HAM,BKN,1,1,0,0
1921,NHL,MTL,MTL,2,2,1,0
1921,NHL,OTS,STE,1,1,0,0
1921,NHL,TRS,TOR,1,1,0,1
1922,NHL,HAM,BKN,1,1,0,1
1922,NHL,MTL,MTL,1,1,0,0
1922,NHL,OTS,STE,1,1,0,0
1922,NHL,TRS,TOR,2,2,1,0
1923,NHL,HAM,BKN,2,2,1,1
1923,NHL,MTL,MTL,1,1,0,0
1923,NHL,OTS,STE,1,1,0,0
1923,NHL,TRS,TOR,1,1,0,0
1924,NHL,BOS,BOS,1,1,0,
1924,NHL,HAM,BKN,1,1,0,1
1924,NHL,MTL,MTL,1,1,0,0
1924,NHL,MTM,MTM,1,1,0,
1924,NHL,OTS,STE,1,1,0,0
1924,NHL,TRS,TOR,1,1,0,1
1925,NHL,BOS,BOS,1,1,0,0
1925,NHL,MTL,MTL,1,1,0,0
1925,NHL,MTM,MTM,1,1,0,0
1925,NHL,NYA,BKN,1,1,0,1
1925,NHL,OTS,STE,1,1,0,1
1925,NHL,PIP,PHQ,1,1,0,
1925,NHL,TRS,TOR,1,1,0,0
1926,NHL,BOS,BOS,1,1,0,0
1926,NHL,CHI,CHI,1,1,0,
1926,NHL,DTC,DET,2,2,1,
1926,NHL,MTL,MTL,1,1,0,1
1926,NHL,MTM,MTM,1,1,0,0
1926,NHL,NYA,BKN,1,1,0,1
1926,NHL,NYR,NYR,1,1,0,
1926,NHL,OTS,STE,1,1,0,1
1926,NHL,PIP,PHQ,1,1,0,0
1926,NHL,TRS,TOR,3,3,1,1
1927,NHL,BOS,BOS,1,1,0,0
1927,NHL,CHI,CHI,2,2,1,1
1927,NHL,DTC,DET,1,1,0,1
1927,NHL,MTL,MTL,1,1,0,0
1927,NHL,MTM,MTM,1,1,0,0
1927,NHL,NYA,BKN,1,1,0,1
1927,NHL,NYR,NYR,1,1,0,0
1927,NHL,OTS,STE,1,1,0,0
1927,NHL,PIP,PHQ,1,1,0,0
1927,NHL,TOR,TOR,1,1,0,1
1928,NHL,BOS,BOS,1,1,0,1
1928,NHL,CHI,CHI,2,2,1,1
1928,NHL,DTC,DET,1,1,0,0
1928,NHL,MTL,MTL,1,1,0,0
1928,NHL,MTM,MTM,1,1,0,0
1928,NHL,NYA,BKN,1,1,0,1
1928,NHL,NYR,NYR,1,1,0,0
1928,NHL,OTS,STE,1,1,0,0
1928,NHL,PIP,PHQ,1,1,0,0
1928,NHL,TOR,TOR,1,1,0,0
1929,NHL,BOS,BOS,1,1,0,1
1929,NHL,CHI,CHI,2,2,1,1
1929,NHL,DTC,DET,1,1,0,0
1929,NHL,MTL,MTL,1,1,0,0
1929,NHL,MTM,MTM,1,1,0,1
1929,NHL,NYA,BKN,1,1,0,1
1929,NHL,NYR,NYR,1,1,0,0
1929,NHL,OTS,STE,1,1,0,1
1929,NHL,PIP,PHQ,1,1,0,1
1929,NHL,TOR,TOR,1,1,0,0
1930,NHL,BOS,BOS,1,1,0,0
1930,NHL,CHI,CHI,1,1,0,1
1930,NHL,DTF,DET,1,1,0,0
1930,NHL,MTL,MTL,1,1,0,0
1930,NHL,MTM,MTM,2,2,1,0
1930,NHL,NYA,BKN,1,1,0,1
1930,NHL,NYR,NYR,1,1,0,0
1930,NHL,OTS,STE,1,1,0,0
1930,NHL,PHQ,PHQ,1,1,0,1
1930,NHL,TOR,TOR,2,2,1,0
1931,NHL,BOS,BOS,1,1,0,0
1931,NHL,CHI,CHI,1,1,0,1
1931,NHL,DTF,DET,1,1,0,0
1931,NHL,MTL,MTL,1,1,0,0
1931,NHL,MTM,MTM,1,1,0,1
1931,NHL,NYA,BKN,1,1,0,0
1931,NHL,NYR,NYR,1,1,0,0
1931,NHL,TOR,TOR,2,2,1,0
1932,NHL,BOS,BOS,1,1,0,0
1932,NHL,CHI,CHI,3,3,1,1
1932,NHL,DET,DET,1,1,0,0
1932,NHL,MTL,MTL,1,1,0,1
1932,NHL,MTM,MTM,1,1,0,1
1932,NHL,NYA,BKN,1,1,0,1
1932,NHL,NYR,NYR,1,1,0,0
1932,NHL,OTS,STE,1,1,0,
1932,NHL,TOR,TOR,1,1,0,0
1933,NHL,BOS,BOS,1,1,0,0
1933,NHL,CHI,CHI,1,1,0,0
1933,NHL,DET,DET,1,1,0,0
1933,NHL,MTL,MTL,1,1,0,0
1933,NHL,MTM,MTM,1,1,0,0
1933,NHL,NYA,BKN,1,1,0,0
1933,NHL,NYR,NYR,1,1,0,0
1933,NHL,OTS,STE,1,1,0,1
1933,NHL,TOR,TOR,1,1,0,0
1934,NHL,BOS,BOS,1,1,0,1
1934,NHL,CHI,CHI,1,1,0,1
1934,NHL,DET,DET,1,1,0,0
1934,NHL,MTL,MTL,2,2,1,0
1934,NHL,MTM,MTM,1,1,0,1
1934,NHL,NYA,BKN,1,1,0,0
1934,NHL,NYR,NYR,1,1,0,0
1934,NHL,STE,STE,2,2,1,1
1934,NHL,TOR,TOR,1,1,0,0
1935,NHL,BOS,BOS,1,1,0,0
1935,NHL,CHI,CHI,1,1,0,0
1935,NHL,DET,DET,1,1,0,0
1935,NHL,MTL,MTL,1,1,0,1
1935,NHL,MTM,MTM,1,1,0,0
1935,NHL,NYA,BKN,1,1,0,1
1935,NHL,NYR,NYR,1,1,0,0
1935,NHL,TOR,TOR,1,1,0,0
1936,NHL,BOS,BOS,1,1,0,1
1936,NHL,CHI,CHI,1,1,0,0
1936,NHL,DET,DET,1,1,0,0
1936,NHL,MTL,MTL,1,1,0,1
1936,NHL,MTM,MTM,1,1,0,0
1936,NHL,NYA,BKN,1,1,0,0
1936,NHL,NYR,NYR,1,1,0,0
1936,NHL,TOR,TOR,1,1,0,0
1937,NHL,BOS,BOS,1,1,0,0
1937,NHL,CHI,CHI,1,1,0,1
1937,NHL,DET,DET,1,1,0,0
1937,NHL,MTL,MTL,1,1,0,0
1937,NHL,MTM,MTM,2,2,1,1
1937,NHL,NYA,BKN,1,1,0,0
1937,NHL,NYR,NYR,1,1,0,0
1937,NHL,TOR,TOR,1,1,0,0
1938,NHL,BOS,BOS,1,1,0,0
1938,NHL,CHI,CHI,2,2,1,0
1938,NHL,DET,DET,1,1,0,0
1938,NHL,MTL,MTL,2,2,1,0
1938,NHL,NYA,BKN,1,1,0,0
1938,NHL,NYR,NYR,1,1,0,0
1938,NHL,TOR,TOR,1,1,0,0
1939,NHL,BOS,BOS,1,1,0,1
1939,NHL,CHI,CHI,1,1,0,0
1939,NHL,DET,DET,1,1,0,0
1939,NHL,MTL,MTL,1,1,0,1
1939,NHL,NYA,BKN,1,1,0,0
1939,NHL,NYR,NYR,1,1,0,1
1939,NHL,TOR,TOR,1,1,0,0
1940,NHL,BOS,BOS,1,1,0,0
1940,NHL,CHI,CHI,1,1,0,0
1940,NHL,DET,DET,1,1,0,0
1940,NHL,MTL,MTL,1,1,0,1
1940,NHL,NYA,BKN,1,1,0,0
1940,NHL,NYR,NYR,1,1,0,0
1940,NHL,TOR,TOR,1,1,0,1
1941,NHL,BKN,BKN,1,1,0,0
1941,NHL,BOS,BOS,1,1,0,1
1941,NHL,CHI,CHI,1,1,0,0
1941,NHL,DET,DET,1,1,0,0
1941,NHL,MTL,MTL,1,1,0,0
1941,NHL,NYR,NYR,1,1,0,0
1941,NHL,TOR,TOR,1,1,0,0
1942,NHL,BOS,BOS,1,1,0,0
1942,NHL,CHI,CHI,1,1,0,0
1942,NHL,DET,DET,1,1,0,0
1942,NHL,MTL,MTL,1,1,0,0
1942,NHL,NYR,NYR,1,1,0,0
1942,NHL,TOR,TOR,1,1,0,0
1943,NHL,BOS,BOS,1,1,0,0
1943,NHL,CHI,CHI,1,1,0,0
1943,NHL,DET,DET,1,1,0,0
1943,NHL,MTL,MTL,1,1,0,0
1943,NHL,NYR,NYR,1,1,0,0
1943,NHL,TOR,TOR,1,1,0,0
1944,NHL,BOS,BOS,1,1,0,0
1944,NHL,CHI,CHI,2,2,1,0
1944,NHL,DET,DET,1,1,0,0
1944,NHL,MTL,MTL,1,1,0,0
1944,NHL,NYR,NYR,1,1,0,0
1944,NHL,TOR,TOR,1,1,0,0
1945,NHL,BOS,BOS,1,1,0,1
1945,NHL,CHI,CHI,1,1,0,0
1945,NHL,DET,DET,1,1,0,0
1945,NHL,MTL,MTL,1,1,0,0
1945,NHL,NYR,NYR,1,1,0,0
1945,NHL,TOR,TOR,1,1,0,0
1946,NHL,BOS,BOS,1,1,0,0
1946,NHL,CHI,CHI,1,1,0,0
1946,NHL,DET,DET,1,1,0,0
1946,NHL,MTL,MTL,1,1,0,0
1946,NHL,NYR,NYR,1,1,0,0
1946,NHL,TOR,TOR,1,1,0,0
1947,NHL,BOS,BOS,1,1,0,0
1947,NHL,CHI,CHI,2,2,1,0
1947,NHL,DET,DET,1,1,0,1
1947,NHL,MTL,MTL,1,1,0,0
1947,NHL,NYR,NYR,1,1,0,0
1947,NHL,TOR,TOR,1,1,0,0
1948,NHL,BOS,BOS,1,1,0,0
1948,NHL,CHI,CHI,1,1,0,0
1948,NHL,DET,DET,1,1,0,0
1948,NHL,MTL,MTL,1,1,0,0
1948,NHL,NYR,NYR,2,2,1,0
1948,NHL,TOR,TOR,1,1,0,0
1949,NHL,BOS,BOS,1,1,0,1
1949,NHL,CHI,CHI,1,1,0,0
1949,NHL,DET,DET,1,1,0,0
1949,NHL,MTL,MTL,1,1,0,0
1949,NHL,NYR,NYR,1,1,0,0
1949,NHL,TOR,TOR,1,1,0,0
1950,NHL,BOS,BOS,1,1,0,1
1950,NHL,CHI,CHI,1,1,0,1
1950,NHL,DET,DET,1,1,0,0
1950,NHL,MTL,MTL,1,1,0,0
1950,NHL,NYR,NYR,1,1,0,1
1950,NHL,TOR,TOR,1,1,0,1
1951,NHL,BOS,BOS,1,1,0,0
1951,NHL,CHI,CHI,1,1,0,0
1951,NHL,DET,DET,1,1,0,0
1951,NHL,MTL,MTL,1,1,0,0
1951,NHL,NYR,NYR,2,2,1,0
1951,NHL,TOR,TOR,1,1,0,0
1952,NHL,BOS,BOS,1,1,0,0
1952,NHL,CHI,CHI,1,1,0,1
1952,NHL,DET,DET,1,1,0,0
1952,NHL,MTL,MTL,1,1,0,0
1952,NHL,NYR,NYR,1,1,0,0
1952,NHL,TOR,TOR,1,1,0,0
1953,NHL,BOS,BOS,1,1,0,0
1953,NHL,CHI,CHI,1,1,0,0
1953,NHL,DET,DET,1,1,0,0
1953,NHL,MTL,MTL,1,1,0,0
1953,NHL,NYR,NYR,2,2,1,1
1953,NHL,TOR,TOR,1,1,0,1
1954,NHL,BOS,BOS,2,2,1,0
1954,NHL,CHI,CHI,1,1,0,1
1954,NHL,DET,DET,1,1,0,1
1954,NHL,MTL,MTL,1,1,0,0
1954,NHL,NYR,NYR,1,1,0,0
1954,NHL,TOR,TOR,1,1,0,0
1955,NHL,BOS,BOS,1,1,0,0
1955,NHL,CHI,CHI,1,1,0,1
1955,NHL,DET,DET,1,1,0,0
1955,NHL,MTL,MTL,1,1,0,1
1955,NHL,NYR,NYR,1,1,0,1
1955,NHL,TOR,TOR,1,1,0,0
1956,NHL,BOS,BOS,1,1,0,0
1956,NHL,CHI,CHI,1,1,0,1
1956,NHL,DET,DET,1,1,0,0
1956,NHL,MTL,MTL,1,1,0,0
1956,NHL,NYR,NYR,1,1,0,0
1956,NHL,TOR,TOR,1,1,0,1
1957,NHL,BOS,BOS,1,1,0,0
1957,NHL,CHI,CHI,2,2,1,0
1957,NHL,DET,DET,2,2,1,0
1957,NHL,MTL,MTL,1,1,0,0
1957,NHL,NYR,NYR,1,1,0,0
1957,NHL,TOR,TOR,1,1,0,1
1958,NHL,BOS,BOS,1,1,0,0
1958,NHL,CHI,CHI,1,1,0,0
1958,NHL,DET,DET,1,1,0,0
1958,NHL,MTL,MTL,1,1,0,0
1958,NHL,NYR,NYR,1,1,0,0
1958,NHL,TOR,TOR,2,2,1,0
1959,NHL,BOS,BOS,1,1,0,0
1959,NHL,CHI,CHI,1,1,0,0
1959,NHL,DET,DET,1,1,0,0
1959,NHL,MTL,MTL,1,1,0,0
1959,NHL,NYR,NYR,3,3,1,0
1959,NHL,TOR,TOR,1,1,0,0
1960,NHL,BOS,BOS,1,1,0,0
1960,NHL,CHI,CHI,1,1,0,0
1960,NHL,DET,DET,1,1,0,0
1960,NHL,MTL,MTL,1,1,0,0
1960,NHL,NYR,NYR,1,1,0,0
1960,NHL,TOR,TOR,1,1,0,0
1961,NHL,BOS,BOS,1,1,0,1
1961,NHL,CHI,CHI,1,1,0,0
1961,NHL,DET,DET,1,1,0,0
1961,NHL,MTL,MTL,1,1,0,0
1961,NHL,NYR,NYR,1,1,0,1
1961,NHL,TOR,TOR,1,1,0,0
1962,NHL,BOS,BOS,2,2,1,0
1962,NHL,CHI,CHI,1,1,0,0
1962,NHL,DET,DET,1,1,0,0
1962,NHL,MTL,MTL,1,1,0,0
1962,NHL,NYR,NYR,2,2,1,1
1962,NHL,TOR,TOR,1,1,0,0
1963,NHL,BOS,BOS,1,1,0,0
1963,NHL,CHI,CHI,1,1,0,1
1963,NHL,DET,DET,1,1,0,0
1963,NHL,MTL,MTL,1,1,0,0
1963,NHL,NYR,NYR,1,1,0,0
1963,NHL,TOR,TOR,1,1,0,0
1964,NHL,BOS,BOS,1,1,0,0
1964,NHL,CHI,CHI,1,1,0,0
1964,NHL,DET,DET,1,1,0,0
1964,NHL,MTL,MTL,1,1,0,0
1964,NHL,NYR,NYR,1,1,0,0
1964,NHL,TOR,TOR,1,1,0,0
1965,NHL,BOS,BOS,1,1,0,0
1965,NHL,CHI,CHI,1,1,0,0
1965,NHL,DET,DET,1,1,0,0
1965,NHL,MTL,MTL,1,1,0,0
1965,NHL,NYR,NYR,2,2,1,0
1965,NHL,TOR,TOR,1,1,0,0
1966,NHL,BOS,BOS,1,1,0,1
1966,NHL,CHI,CHI,1,1,0,0
1966,NHL,DET,DET,1,1,0,0
1966,NHL,MTL,MTL,1,1,0,0
1966,NHL,NYR,NYR,1,1,0,0
1966,NHL,TOR,TOR,1,1,0,0
1967,NHL,BOS,BOS,1,1,0,0
1967,NHL,CHI,CHI,1,1,0,0
1967,NHL,DET,DET,1,1,0,0
1967,NHL,LAK,LAK,1,1,0,
1967,NHL,MNS,DAL,1,1,0,
1967,NHL,MTL,MTL,1,1,0,0
1967,NHL,NYR,NYR,1,1,0,0
1967,NHL,OAK,CLE,2,2,1,
1967,NHL,PHI,PHI,1,1,0,
1967,NHL,PIT,PIT,1,1,0,
1967,NHL,STL,STL,2,2,1,
1967,NHL,TOR,TOR,1,1,0,0
1968,NHL,BOS,BOS,1,1,0,0
1968,NHL,CHI,CHI,1,1,0,0
1968,NHL,DET,DET,1,1,0,1
1968,NHL,LAK,LAK,1,1,0,0
1968,NHL,MNS,DAL,2,3,1,0
1968,NHL,MTL,MTL,1,1,0,1
1968,NHL,NYR,NYR,2,2,1,1
1968,NHL,OAK,CLE,1,1,0,1
1968,NHL,PHI,PHI,1,1,0,0
1968,NHL,PIT,PIT,1,1,0,0
1968,NHL,STL,STL,1,1,0,0
1968,NHL,TOR,TOR,1,1,0,0
1969,NHL,BOS,BOS,1,1,0,0
1969,NHL,CHI,CHI,1,1,0,0
1969,NHL,DET,DET,2,2,1,0
1969,NHL,LAK,LAK,2,2,1,1
1969,NHL,MNS,DAL,2,2,1,0
1969,NHL,MTL,MTL,1,1,0,0
1969,NHL,NYR,NYR,1,1,0,0
1969,NHL,OAK,CLE,1,1,0,0
1969,NHL,PHI,PHI,1,1,0,1
1969,NHL,PIT,PIT,1,1,0,1
1969,NHL,STL,STL,1,1,0,0
1969,NHL,TOR,TOR,1,1,0,1
1970,NHL,BOS,BOS,1,1,0,1
1970,NHL,BUF,BUF,1,1,0,
1970,NHL,CHI,CHI,1,1,0,0
1970,NHL,CLF,CLE,1,1,0,0
1970,NHL,DET,DET,2,2,1,1
1970,NHL,LAK,LAK,1,1,0,1
1970,NHL,MNS,DAL,1,1,0,1
1970,NHL,MTL,MTL,2,2,1,0
1970,NHL,NYR,NYR,1,1,0,0
1970,NHL,PHI,PHI,1,1,0,0
1970,NHL,PIT,PIT,1,1,0,0
1970,NHL,STL,STL,2,2,1,1
1970,NHL,TOR,TOR,1,1,0,0
1970,NHL,VAN,VAN,1,1,0,
1971,NHL,BOS,BOS,1,1,0,0
1971,NHL,BUF,BUF,3,3,1,0
1971,NHL,CHI,CHI,1,1,0,0
1971,NHL,CLF,CLE,2,2,1,0
1971,NHL,DET,DET,2,2,1,0
1971,NHL,LAK,LAK,2,2,1,0
1971,NHL,MNS,DAL,1,1,0,0
1971,NHL,MTL,MTL,1,1,0,1
1971,NHL,NYR,NYR,1,1,0,0
1971,NHL,PHI,PHI,1,1,0,1
1971,NHL,PIT,PIT,1,1,0,0
1971,NHL,STL,STL,3,3,1,1
1971,NHL,TOR,TOR,1,1,0,0
1971,NHL,VAN,VAN,1,1,0,0
1972,NHL,ATF,CAL,1,1,0,
1972,NHL,BOS,BOS,2,2,1,0
1972,NHL,BUF,BUF,1,1,0,0
1972,NHL,CHI,CHI,1,1,0,0
1972,NHL,CLF,CLE,2,2,1,1
1972,NHL,DET,DET,1,1,0,0
1972,NHL,LAK,LAK,1,1,0,1
1972,NHL,MNS,DAL,1,1,0,0
1972,NHL,MTL,MTL,1,1,0,0
1972,NHL,NYI,NYI,2,2,1,
1972,NHL,NYR,NYR,1,1,0,0
1972,NHL,PHI,PHI,1,1,0,0
1972,NHL,PIT,PIT,2,2,1,0
1972,NHL,STL,STL,2,2,1,0
1972,NHL,TOR,TOR,1,1,0,0
1972,NHL,VAN,VAN,1,1,0,1
1973,NHL,ATF,CAL,1,1,0,0
1973,NHL,BOS,BOS,1,1,0,0
1973,NHL,BUF,BUF,1,1,0,0
1973,NHL,CHI,CHI,1,1,0,0
1973,NHL,CLF,CLE,2,2,1,0
1973,NHL,DET,DET,2,2,1,1
1973,NHL,LAK,LAK,1,1,0,0
1973,NHL,MNS,DAL,2,2,1,0
1973,NHL,MTL,MTL,1,1,0,0
1973,NHL,NYI,NYI,1,1,0,1
1973,NHL,NYR,NYR,2,2,1,1
1973,NHL,PHI,PHI,1,1,0,0
1973,NHL,PIT,PIT,2,2,1,0
1973,NHL,STL,STL,2,2,1,0
1973,NHL,TOR,TOR,1,1,0,1
1973,NHL,VAN,VAN,2,2,1,1
1974,NHL,ATF,CAL,2,2,1,0
1974,NHL,BOS,BOS,1,1,0,1
1974,NHL,BUF,BUF,1,1,0,1
1974,NHL,CHI,CHI,1,1,0,0
1974,NHL,CLF,CLE,2,2,1,0
1974,NHL,DET,DET,1,1,0,0
1974,NHL,KCS,NJD,1,1,0,
1974,NHL,LAK,LAK,1,1,0,0
1974,NHL,MNS,DAL,2,2,1,1
1974,NHL,MTL,MTL,1,1,0,0
1974,NHL,NYI,NYI,1,1,0,0
1974,NHL,NYR,NYR,1,1,0,0
1974,NHL,PHI,PHI,1,1,0,0
1974,NHL,PIT,PIT,1,1,0,0
1974,NHL,STL,STL,3,3,1,0
1974,NHL,TOR,TOR,1,1,0,0
1974,NHL,VAN,VAN,1,1,0,0
1974,NHL,WAS,WAS,3,3,1,
1975,NHL,ATF,CAL,1,1,0,0
1975,NHL,BOS,BOS,1,1,0,0
1975,NHL,BUF,BUF,1,1,0,0
1975,NHL,CHI,CHI,1,1,0,0
1975,NHL,CLF,CLE,1,1,0,1
1975,NHL,DET,DET,2,2,1,1
1975,NHL,KCS,NJD,3,3,1,0
1975,NHL,LAK,LAK,1,1,0,0
1975,NHL,MNS,DAL,1,1,0,1
1975,NHL,MTL,MTL,1,1,0,0
1975,NHL,NYI,NYI,1,1,0,0
1975,NHL,NYR,NYR,2,2,1,1
1975,NHL,PHI,PHI,1,1,0,0
1975,NHL,PIT,PIT,2,2,1,0
1975,NHL,STL,STL,3,3,1,0
1975,NHL,TOR,TOR,1,1,0,0
1975,NHL,VAN,VAN,1,1,0,0
1975,NHL,WAS,WAS,2,2,1,0
1976,NHL,ATF,CAL,1,1,0,0
1976,NHL,BOS,BOS,1,1,0,0
1976,NHL,BUF,BUF,1,1,0,0
1976,NHL,CHI,CHI,2,2,1,0
1976,NHL,CLE,CLE,1,1,0,0
1976,NHL,COR,NJD,1,1,0,1
1976,NHL,DET,DET,2,2,1,0
1976,NHL,LAK,LAK,1,1,0,0
1976,NHL,MNS,DAL,1,1,0,0
1976,NHL,MTL,MTL,1,1,0,0
1976,NHL,NYI,NYI,1,1,0,0
1976,NHL,NYR,NYR,1,1,0,0
1976,NHL,PHI,PHI,1,1,0,0
1976,NHL,PIT,PIT,1,1,0,0
1976,NHL,STL,STL,1,1,0,1
1976,NHL,TOR,TOR,1,1,0,0
1976,NHL,VAN,VAN,2,2,1,0
1976,NHL,WAS,WAS,1,1,0,0
1977,NHL,ATF,CAL,1,1,0,0
1977,NHL,BOS,BOS,1,1,0,0
1977,NHL,BUF,BUF,1,1,0,1
1977,NHL,CHI,CHI,1,1,0,1
1977,NHL,CLE,CLE,1,1,0,0
1977,NHL,COR,NJD,1,1,0,1
1977,NHL,DET,DET,1,1,0,1
1977,NHL,LAK,LAK,1,1,0,1
1977,NHL,MNS,DAL,3,3,1,0
1977,NHL,MTL,MTL,1,1,0,0
1977,NHL,NYI,NYI,1,1,0,0
1977,NHL,NYR,NYR,1,1,0,1
1977,NHL,PHI,PHI,1,1,0,0
1977,NHL,PIT,PIT,1,1,0,1
1977,NHL,STL,STL,2,2,1,1
1977,NHL,TOR,TOR,1,1,0,1
1977,NHL,VAN,VAN,1,1,0,0
1977,NHL,WAS,WAS,1,1,0,0
1978,NHL,ATF,CAL,1,1,0,0
1978,NHL,BOS,BOS,1,1,0,0
1978,NHL,BUF,BUF,2,2,1,0
1978,NHL,CHI,CHI,1,1,0,0
1978,NHL,COR,NJD,2,2,1,0
1978,NHL,DET,DET,1,1,0,0
1978,NHL,LAK,LAK,1,1,0,1
1978,NHL,MNS,DAL,2,2,1,1
1978,NHL,MTL,MTL,1,1,0,0
1978,NHL,NYI,NYI,1,1,0,0
1978,NHL,NYR,NYR,1,1,0,1
1978,NHL,PHI,PHI,2,2,1,1
1978,NHL,PIT,PIT,1,1,0,0
1978,NHL,STL,STL,1,1,0,0
1978,NHL,TOR,TOR,1,1,0,0
1978,NHL,VAN,VAN,1,1,0,1
1978,NHL,WAS,WAS,1,1,0,1
1979,NHL,ATF,CAL,1,1,0,1
1979,NHL,BOS,BOS,2,2,1,1
1979,NHL,BUF,BUF,1,1,0,1
1979,NHL,CHI,CHI,1,1,0,1
1979,NHL,COR,NJD,1,1,0,1
1979,NHL,DET,DET,2,2,1,0
1979,NHL,EDM,EDM,1,1,0,
1979,NHL,HAR,CAR,1,1,0,
1979,NHL,LAK,LAK,1,1,0,0
1979,NHL,MNS,DAL,1,1,0,0
1979,NHL,MTL,MTL,2,2,1,1
1979,NHL,NYI,NYI,1,1,0,0
1979,NHL,NYR,NYR,1,1,0,0
1979,NHL,PHI,PHI,1,1,0,0
1979,NHL,PIT,PIT,1,1,0,0
1979,NHL,QUE,COL,1,1,0,
1979,NHL,STL,STL,2,2,1,0
1979,NHL,TOR,TOR,3,3,1,1
1979,NHL,VAN,VAN,1,1,0,0
1979,NHL,WAS,WAS,2,2,1,0
1979,NHL,WIN,PHO,2,2,1,
1980,NHL,BOS,BOS,1,1,0,1
1980,NHL,BUF,BUF,1,1,0,1
1980,NHL,CAL,CAL,1,1,0,0
1980,NHL,CHI,CHI,1,1,0,1
1980,NHL,COR,NJD,1,1,0,1
1980,NHL,DET,DET,2,2,1,0
1980,NHL,EDM,EDM,2,2,1,1
1980,NHL,HAR,CAR,2,2,1,0
1980,NHL,LAK,LAK,1,1,0,0
1980,NHL,MNS,DAL,1,1,0,0
1980,NHL,MTL,MTL,1,1,0,0
1980,NHL,NYI,NYI,1,1,0,0
1980,NHL,NYR,NYR,2,2,1,0
1980,NHL,PHI,PHI,1,1,0,0
1980,NHL,PIT,PIT,1,1,0,1
1980,NHL,QUE,COL,2,2,1,1
1980,NHL,STL,STL,1,1,0,0
1980,NHL,TOR,TOR,2,2,1,1
1980,NHL,VAN,VAN,1,1,0,0
1980,NHL,WAS,WAS,1,1,0,0
1980,NHL,WIN,PHO,3,3,1,1
1981,NHL,BOS,BOS,1,1,0,0
1981,NHL,BUF,BUF,2,3,1,1
1981,NHL,CAL,CAL,1,1,0,0
1981,NHL,CHI,CHI,2,2,1,0
1981,NHL,COR,NJD,2,2,1,1
1981,NHL,DET,DET,2,2,1,0
1981,NHL,EDM,EDM,1,1,0,0
1981,NHL,HAR,CAR,1,1,0,0
1981,NHL,LAK,LAK,2,2,1,1
1981,NHL,MNS,DAL,1,1,0,0
1981,NHL,MTL,MTL,1,1,0,1
1981,NHL,NYI,NYI,1,1,0,0
1981,NHL,NYR,NYR,1,1,0,1
1981,NHL,PHI,PHI,2,2,1,0
1981,NHL,PIT,PIT,1,1,0,0
1981,NHL,QUE,COL,1,1,0,0
1981,NHL,STL,STL,2,2,1,0
1981,NHL,TOR,TOR,1,1,0,0
1981,NHL,VAN,VAN,2,2,1,0
1981,NHL,WAS,WAS,3,3,1,0
1981,NHL,WIN,PHO,1,1,0,1
1982,NHL,BOS,BOS,1,1,0,0
1982,NHL,BUF,BUF,1,1,0,0
1982,NHL,CAL,CAL,1,1,0,1
1982,NHL,CHI,CHI,1,1,0,1
1982,NHL,DET,DET,1,1,0,1
1982,NHL,EDM,EDM,1,1,0,0
1982,NHL,HAR,CAR,3,3,1,1
1982,NHL,LAK,LAK,1,1,0,0
1982,NHL,MNS,DAL,2,2,1,0
1982,NHL,MTL,MTL,1,1,0,0
1982,NHL,NJD,NJD,1,1,0,1
1982,NHL,NYI,NYI,1,1,0,0
1982,NHL,NYR,NYR,1,1,0,0
1982,NHL,PHI,PHI,1,1,0,0
1982,NHL,PIT,PIT,1,1,0,0
1982,NHL,QUE,COL,1,1,0,0
1982,NHL,STL,STL,2,2,1,0
1982,NHL,TOR,TOR,1,1,0,0
1982,NHL,VAN,VAN,1,1,0,0
1982,NHL,WAS,WAS,1,1,0,0
1982,NHL,WIN,PHO,1,1,0,0
1983,NHL,BOS,BOS,1,1,0,0
1983,NHL,BUF,BUF,1,1,0,0
1983,NHL,CAL,CAL,1,1,0,0
1983,NHL,CHI,CHI,1,1,0,0
1983,NHL,DET,DET,1,1,0,0
1983,NHL,EDM,EDM,1,1,0,0
1983,NHL,HAR,CAR,1,1,0,1
1983,NHL,LAK,LAK,3,3,1,0
1983,NHL,MNS,DAL,1,1,0,1
1983,NHL,MTL,MTL,2,2,1,0
1983,NHL,NJD,NJD,2,2,1,0
1983,NHL,NYI,NYI,1,1,0,0
1983,NHL,NYR,NYR,1,1,0,0
1983,NHL,PHI,PHI,1,1,0,0
1983,NHL,PIT,PIT,1,1,0,1
1983,NHL,QUE,COL,1,1,0,0
1983,NHL,STL,STL,1,1,0,1
1983,NHL,TOR,TOR,1,1,0,0
1983,NHL,VAN,VAN,2,2,1,0
1983,NHL,WAS,WAS,1,1,0,0
1983,NHL,WIN,PHO,2,2,1,0
1984,NHL,BOS,BOS,2,2,1,0
1984,NHL,BUF,BUF,1,1,0,0
1984,NHL,CAL,CAL,1,1,0,0
1984,NHL,CHI,CHI,2,2,1,0
1984,NHL,DET,DET,1,1,0,0
1984,NHL,EDM,EDM,1,1,0,0
1984,NHL,HAR,CAR,1,1,0,0
1984,NHL,LAK,LAK,1,1,0,1
1984,NHL,MNS,DAL,2,2,1,0
1984,NHL,MTL,MTL,1,1,0,0
1984,NHL,NJD,NJD,1,1,0,1
1984,NHL,NYI,NYI,1,1,0,0
1984,NHL,NYR,NYR,2,2,1,0
1984,NHL,PHI,PHI,1,1,0,1
1984,NHL,PIT,PIT,1,1,0,1
1984,NHL,QUE,COL,1,1,0,0
1984,NHL,STL,STL,1,1,0,0
1984,NHL,TOR,TOR,1,1,0,1
1984,NHL,VAN,VAN,2,2,1,1
1984,NHL,WAS,WAS,1,1,0,0
1984,NHL,WIN,PHO,1,1,0,0
1985,NHL,BOS,BOS,1,1,0,1
1985,NHL,BUF,BUF,2,2,1,1
1985,NHL,CAL,CAL,1,1,0,0
1985,NHL,CHI,CHI,1,1,0,0
1985,NHL,DET,DET,2,2,1,1
1985,NHL,EDM,EDM,1,1,0,0
1985,NHL,HAR,CAR,1,1,0,0
1985,NHL,LAK,LAK,1,1,0,0
1985,NHL,MNS,DAL,1,1,0,1
1985,NHL,MTL,MTL,1,1,0,1
1985,NHL,NJD,NJD,1,1,0,0
1985,NHL,NYI,NYI,1,1,0,0
1985,NHL,NYR,NYR,1,1,0,1
1985,NHL,PHI,PHI,1,1,0,0
1985,NHL,PIT,PIT,1,1,0,0
1985,NHL,QUE,COL,1,1,0,0
1985,NHL,STL,STL,1,1,0,0
1985,NHL,TOR,TOR,1,1,0,0
1985,NHL,VAN,VAN,1,1,0,1
1985,NHL,WAS,WAS,1,1,0,0
1985,NHL,WIN,PHO,2,2,1,0
1986,NHL,BOS,BOS,2,2,1,0
1986,NHL,BUF,BUF,3,3,1,0
1986,NHL,CAL,CAL,1,1,0,0
1986,NHL,CHI,CHI,1,1,0,0
1986,NHL,DET,DET,1,1,0,1
1986,NHL,EDM,EDM,1,1,0,0
1986,NHL,HAR,CAR,1,1,0,0
1986,NHL,LAK,LAK,2,2,1,0
1986,NHL,MNS,DAL,2,2,1,0
1986,NHL,MTL,MTL,1,1,0,0
1986,NHL,NJD,NJD,1,1,0,0
1986,NHL,NYI,NYI,1,1,0,1
1986,NHL,NYR,NYR,3,3,1,0
1986,NHL,PHI,PHI,1,1,0,0
1986,NHL,PIT,PIT,1,1,0,0
1986,NHL,QUE,COL,1,1,0,0
1986,NHL,STL,STL,1,1,0,1
1986,NHL,TOR,TOR,1,1,0,1
1986,NHL,VAN,VAN,1,1,0,0
1986,NHL,WAS,WAS,1,1,0,0
1986,NHL,WIN,PHO,1,1,0,1
1987,NHL,BOS,BOS,1,1,0,0
1987,NHL,BUF,BUF,1,1,0,0
1987,NHL,CAL,CAL,1,1,0,1
1987,NHL,CHI,CHI,1,1,0,1
1987,NHL,DET,DET,1,1,0,0
1987,NHL,EDM,EDM,1,1,0,0
1987,NHL,HAR,CAR,2,2,1,0
1987,NHL,LAK,LAK,3,3,1,0
1987,NHL,MNS,DAL,1,1,0,1
1987,NHL,MTL,MTL,1,1,0,0
1987,NHL,NJD,NJD,2,2,1,0
1987,NHL,NYI,NYI,1,1,0,0
1987,NHL,NYR,NYR,1,1,0,1
1987,NHL,PHI,PHI,1,1,0,0
1987,NHL,PIT,PIT,1,1,0,1
1987,NHL,QUE,COL,2,2,1,1
1987,NHL,STL,STL,1,1,0,0
1987,NHL,TOR,TOR,1,1,0,0
1987,NHL,VAN,VAN,1,1,0,1
1987,NHL,WAS,WAS,1,1,0,0
1987,NHL,WIN,PHO,1,1,0,0
1988,NHL,BOS,BOS,1,1,0,0
1988,NHL,BUF,BUF,1,1,0,0
1988,NHL,CAL,CAL,1,1,0,0
1988,NHL,CHI,CHI,1,1,0,1
1988,NHL,DET,DET,1,1,0,0
1988,NHL,EDM,EDM,1,1,0,0
1988,NHL,HAR,CAR,1,1,0,0
1988,NHL,LAK,LAK,1,1,0,0
1988,NHL,MNS,DAL,1,1,0,1
1988,NHL,MTL,MTL,1,1,0,1
1988,NHL,NJD,NJD,1,1,0,0
1988,NHL,NYI,NYI,2,2,1,0
1988,NHL,NYR,NYR,2,2,1,0
1988,NHL,PHI,PHI,1,1,0,1
1988,NHL,PIT,PIT,1,1,0,1
1988,NHL,QUE,COL,2,2,1,0
1988,NHL,STL,STL,1,1,0,1
1988,NHL,TOR,TOR,2,2,1,0
1988,NHL,VAN,VAN,1,1,0,0
1988,NHL,WAS,WAS,1,1,0,0
1988,NHL,WIN,PHO,2,2,1,0
1989,NHL,BOS,BOS,1,1,0,1
1989,NHL,BUF,BUF,1,1,0,1
1989,NHL,CAL,CAL,1,1,0,0
1989,NHL,CHI,CHI,1,1,0,0
1989,NHL,DET,DET,1,1,0,0
1989,NHL,EDM,EDM,1,1,0,1
1989,NHL,HAR,CAR,1,1,0,1
1989,NHL,LAK,LAK,1,1,0,1
1989,NHL,MNS,DAL,1,1,0,0
1989,NHL,MTL,MTL,1,1,0,0
1989,NHL,NJD,NJD,2,2,1,0
1989,NHL,NYI,NYI,1,1,0,0
1989,NHL,NYR,NYR,1,1,0,1
1989,NHL,PHI,PHI,1,1,0,0
1989,NHL,PIT,PIT,2,2,1,0
1989,NHL,QUE,COL,1,1,0,1
1989,NHL,STL,STL,1,1,0,0
1989,NHL,TOR,TOR,1,1,0,1
1989,NHL,VAN,VAN,1,1,0,0
1989,NHL,WAS,WAS,2,2,1,0
1989,NHL,WIN,PHO,1,1,0,1
1990,NHL,BOS,BOS,1,1,0,0
1990,NHL,BUF,BUF,1,1,0,0
1990,NHL,CAL,CAL,1,1,0,1
1990,NHL,CHI,CHI,1,1,0,0
1990,NHL,DET,DET,1,1,0,1
1990,NHL,EDM,EDM,1,1,0,0
1990,NHL,HAR,CAR,1,1,0,0
1990,NHL,LAK,LAK,1,1,0,0
1990,NHL,MNS,DAL,1,1,0,1
1990,NHL,MTL,MTL,1,1,0,0
1990,NHL,NJD,NJD,2,2,1,0
1990,NHL,NYI,NYI,1,1,0,0
1990,NHL,NYR,NYR,1,1,0,0
1990,NHL,PHI,PHI,1,1,0,0
1990,NHL,PIT,PIT,1,1,0,1
1990,NHL,QUE,COL,1,1,0,1
1990,NHL,STL,STL,1,1,0,0
1990,NHL,TOR,TOR,2,2,1,0
1990,NHL,VAN,VAN,2,2,1,0
1990,NHL,WAS,WAS,1,1,0,0
1990,NHL,WIN,PHO,1,1,0,0
1991,NHL,BOS,BOS,1,1,0,1
1991,NHL,BUF,BUF,2,2,1,0
1991,NHL,CAL,CAL,2,2,1,0
1991,NHL,CHI,CHI,1,1,0,0
1991,NHL,DET,DET,1,1,0,0
1991,NHL,EDM,EDM,1,1,0,1
1991,NHL,HAR,CAR,1,1,0,1
1991,NHL,LAK,LAK,1,1,0,0
1991,NHL,MNS,DAL,1,1,0,0
1991,NHL,MTL,MTL,1,1,0,0
1991,NHL,NJD,NJD,1,1,0,0
1991,NHL,NYI,NYI,1,1,0,0
1991,NHL,NYR,NYR,1,1,0,0
1991,NHL,PHI,PHI,2,2,1,0
1991,NHL,PIT,PIT,1,1,0,1
1991,NHL,QUE,COL,2,2,1,0
1991,NHL,SJS,SJS,1,1,0,
1991,NHL,STL,STL,1,1,0,0
1991,NHL,TOR,TOR,1,1,0,0
1991,NHL,VAN,VAN,1,1,0,0
1991,NHL,WAS,WAS,1,1,0,0
1991,NHL,WIN,PHO,1,1,0,1
1992,NHL,BOS,BOS,1,1,0,1
1992,NHL,BUF,BUF,1,1,0,0
1992,NHL,CAL,CAL,1,1,0,1
1992,NHL,CHI,CHI,1,1,0,1
1992,NHL,DET,DET,1,1,0,0
1992,NHL,EDM,EDM,1,1,0,0
1992,NHL,HAR,CAR,1,1,0,1
1992,NHL,LAK,LAK,1,1,0,1
1992,NHL,MNS,DAL,1,1,0,0
1992,NHL,MTL,MTL,1,1,0,1
1992,NHL,NJD,NJD,1,1,0,1
1992,NHL,NYI,NYI,1,1,0,0
1992,NHL,NYR,NYR,2,2,1,0
1992,NHL,OTT,OTT,1,1,0,
1992,NHL,PHI,PHI,1,1,0,0
1992,NHL,PIT,PIT,1,1,0,0
1992,NHL,QUE,COL,1,1,0,0
1992,NHL,SJS,SJS,1,1,0,0
1992,NHL,STL,STL,2,2,1,1
1992,NHL,TBL,TBL,1,1,0,
1992,NHL,TOR,TOR,1,1,0,1
1992,NHL,VAN,VAN,1,1,0,0
1992,NHL,WAS,WAS,1,1,0,0
1992,NHL,WIN,PHO,1,1,0,0
1993,NHL,ANA,ANA,1,1,0,
1993,NHL,BOS,BOS,1,1,0,0
1993,NHL,BUF,BUF,1,1,0,0
1993,NHL,CAL,CAL,1,1,0,0
1993,NHL,CHI,CHI,1,1,0,0
1993,NHL,DAL,DAL,1,1,0,0
1993,NHL,DET,DET,1,1,0,1
1993,NHL,EDM,EDM,2,2,1,0
1993,NHL,FLO,FLO,1,1,0,
1993,NHL,HAR,CAR,2,2,1,0
1993,NHL,LAK,LAK,1,1,0,0
1993,NHL,MTL,MTL,1,1,0,0
1993,NHL,NJD,NJD,1,1,0,1
1993,NHL,NYI,NYI,1,1,0,0
1993,NHL,NYR,NYR,1,1,0,1
1993,NHL,OTT,OTT,1,1,0,0
1993,NHL,PHI,PHI,1,1,0,1
1993,NHL,PIT,PIT,1,1,0,1
1993,NHL,QUE,COL,1,1,0,0
1993,NHL,SJS,SJS,1,1,0,1
1993,NHL,STL,STL,1,1,0,0
1993,NHL,TBL,TBL,1,1,0,0
1993,NHL,TOR,TOR,1,1,0,0
1993,NHL,VAN,VAN,1,1,0,0
1993,NHL,WAS,WAS,2,2,1,0
1993,NHL,WIN,PHO,1,1,0,0
1994,NHL,ANA,ANA,1,1,0,0
1994,NHL,BOS,BOS,1,1,0,0
1994,NHL,BUF,BUF,1,1,0,0
1994,NHL,CAL,CAL,1,1,0,0
1994,NHL,CHI,CHI,1,1,0,0
1994,NHL,DAL,DAL,1,1,0,0
1994,NHL,DET,DET,1,1,0,0
1994,NHL,EDM,EDM,2,2,1,1
1994,NHL,FLO,FLO,1,1,0,0
1994,NHL,HAR,CAR,1,1,0,1
1994,NHL,LAK,LAK,2,2,1,0
1994,NHL,MTL,MTL,1,1,0,0
1994,NHL,NJD,NJD,1,1,0,0
1994,NHL,NYI,NYI,1,1,0,1
1994,NHL,NYR,NYR,1,1,0,1
1994,NHL,OTT,OTT,1,1,0,0
1994,NHL,PHI,PHI,1,1,0,1
1994,NHL,PIT,PIT,1,1,0,0
1994,NHL,QUE,COL,1,1,0,1
1994,NHL,SJS,SJS,1,1,0,0
1994,NHL,STL,STL,1,1,0,1
1994,NHL,TBL,TBL,1,1,0,0
1994,NHL,TOR,TOR,1,1,0,0
1994,NHL,VAN,VAN,1,1,0,1
1994,NHL,WAS,WAS,1,1,0,0
1994,NHL,WIN,PHO,2,2,1,0
1995,NHL,ANA,ANA,1,1,0,0
1995,NHL,BOS,BOS,1,1,0,1
1995,NHL,BUF,BUF,1,1,0,1
1995,NHL,CAL,CAL,1,1,0,1
1995,NHL,CHI,CHI,1,1,0,1
1995,NHL,COL,COL,1,1,0,0
1995,NHL,DAL,DAL,2,2,1,0
1995,NHL,DET,DET,1,1,0,0
1995,NHL,EDM,EDM,1,1,0,0
1995,NHL,FLO,FLO,1,1,0,1
1995,NHL,HAR,CAR,2,2,1,0
1995,NHL,LAK,LAK,1,1,0,1
1995,NHL,MTL,MTL,3,3,1,0
1995,NHL,NJD,NJD,1,1,0,0
1995,NHL,NYI,NYI,1,1,0,1
1995,NHL,NYR,NYR,1,1,0,0
1995,NHL,OTT,OTT,3,3,1,0
1995,NHL,PHI,PHI,1,1,0,0
1995,NHL,PIT,PIT,1,1,0,0
1995,NHL,SJS,SJS,2,2,1,0
1995,NHL,STL,STL,1,1,0,0
1995,NHL,TBL,TBL,1,1,0,0
1995,NHL,TOR,TOR,2,2,1,0
1995,NHL,VAN,VAN,2,2,1,0
1995,NHL,WAS,WAS,1,1,0,0
1995,NHL,WIN,PHO,1,1,0,0
1996,NHL,ANA,ANA,1,1,0,0
1996,NHL,BOS,BOS,1,1,0,0
1996,NHL,BUF,BUF,1,1,0,0
1996,NHL,CAL,CAL,1,1,0,0
1996,NHL,CHI,CHI,1,1,0,0
1996,NHL,COL,COL,1,1,0,0
1996,NHL,DAL,DAL,1,1,0,0
1996,NHL,DET,DET,1,1,0,0
1996,NHL,EDM,EDM,1,1,0,0
1996,NHL,FLO,FLO,1,1,0,0
1996,NHL,HAR,CAR,1,1,0,0
1996,NHL,LAK,LAK,1,1,0,0
1996,NHL,MTL,MTL,1,1,0,0
1996,NHL,NJD,NJD,1,1,0,0
1996,NHL,NYI,NYI,2,2,1,0
1996,NHL,NYR,NYR,1,1,0,0
1996,NHL,OTT,OTT,1,1,0,0
1996,NHL,PHI,PHI,1,1,0,0
1996,NHL,PHO,PHO,1,1,0,1
1996,NHL,PIT,PIT,2,2,1,0
1996,NHL,SJS,SJS,1,1,0,1
1996,NHL,STL,STL,3,3,1,0
1996,NHL,TBL,TBL,1,1,0,0
1996,NHL,TOR,TOR,1,1,0,1
1996,NHL,VAN,VAN,1,1,0,1
1996,NHL,WAS,WAS,1,1,0,0
1997,NHL,ANA,ANA,1,1,0,1
1997,NHL,BOS,BOS,1,1,0,1
1997,NHL,BUF,BUF,1,1,0,1
1997,NHL,CAL,CAL,1,1,0,1
1997,NHL,CAR,CAR,1,1,0,0
1997,NHL,CHI,CHI,1,1,0,0
1997,NHL,COL,COL,1,1,0,0
1997,NHL,DAL,DAL,1,1,0,0
1997,NHL,DET,DET,1,1,0,0
1997,NHL,EDM,EDM,1,1,0,0
1997,NHL,FLO,FLO,2,2,1,0
1997,NHL,LAK,LAK,1,1,0,0
1997,NHL,MTL,MTL,1,1,0,1
1997,NHL,NJD,NJD,1,1,0,0
1997,NHL,NYI,NYI,2,2,1,0
1997,NHL,NYR,NYR,2,2,1,0
1997,NHL,OTT,OTT,1,1,0,0
1997,NHL,PHI,PHI,2,2,1,1
1997,NHL,PHO,PHO,1,1,0,1
1997,NHL,PIT,PIT,1,1,0,1
1997,NHL,SJS,SJS,1,1,0,1
1997,NHL,STL,STL,1,1,0,0
1997,NHL,TBL,TBL,3,3,1,0
1997,NHL,TOR,TOR,1,1,0,0
1997,NHL,VAN,VAN,2,2,1,0
1997,NHL,WAS,WAS,1,1,0,1
1998,NHL,ANA,ANA,1,1,0,1
1998,NHL,BOS,BOS,1,1,0,0
1998,NHL,BUF,BUF,1,1,0,0
1998,NHL,CAL,CAL,1,1,0,0
1998,NHL,CAR,CAR,1,1,0,0
1998,NHL,CHI,CHI,2,2,1,1
1998,NHL,COL,COL,1,1,0,1
1998,NHL,DAL,DAL,1,1,0,0
1998,NHL,DET,DET,3,2,1,1
1998,NHL,EDM,EDM,1,1,0,0
1998,NHL,FLO,FLO,1,1,0,1
1998,NHL,LAK,LAK,1,1,0,0
1998,NHL,MTL,MTL,1,1,0,0
1998,NHL,NAS,NAS,1,1,0,
1998,NHL,NJD,NJD,1,1,0,1
1998,NHL,NYI,NYI,2,2,1,0
1998,NHL,NYR,NYR,1,1,0,0
1998,NHL,OTT,OTT,1,1,0,0
1998,NHL,PHI,PHI,1,1,0,0
1998,NHL,PHO,PHO,1,1,0,0
1998,NHL,PIT,PIT,1,1,0,0
1998,NHL,SJS,SJS,1,1,0,0
1998,NHL,STL,STL,1,1,0,0
1998,NHL,TBL,TBL,1,1,0,0
1998,NHL,TOR,TOR,1,1,0,1
1998,NHL,VAN,VAN,2,2,1,0
1998,NHL,WAS,WAS,1,1,0,0
1999,NHL,ANA,ANA,1,1,0,0
1999,NHL,ATL,WPG,1,1,0,
1999,NHL,BOS,BOS,1,1,0,0
1999,NHL,BUF,BUF,1,1,0,0
1999,NHL,CAL,CAL,1,1,0,0
1999,NHL,CAR,CAR,1,1,0,0
1999,NHL,CHI,CHI,2,2,1,0
1999,NHL,COL,COL,1,1,0,0
1999,NHL,DAL,DAL,1,1,0,0
1999,NHL,DET,DET,1,1,0,0
1999,NHL,EDM,EDM,1,1,0,1
1999,NHL,FLO,FLO,1,1,0,0
1999,NHL,LAK,LAK,1,1,0,1
1999,NHL,MTL,MTL,1,1,0,0
1999,NHL,NAS,NAS,1,1,0,0
1999,NHL,NJD,NJD,2,2,1,0
1999,NHL,NYI,NYI,1,1,0,1
1999,NHL,NYR,NYR,2,2,1,0
1999,NHL,OTT,OTT,1,1,0,0
1999,NHL,PHI,PHI,1,1,0,0
1999,NHL,PHO,PHO,1,1,0,1
1999,NHL,PIT,PIT,2,2,1,0
1999,NHL,SJS,SJS,1,1,0,0
1999,NHL,STL,STL,1,1,0,0
1999,NHL,TBL,TBL,1,1,0,1
1999,NHL,TOR,TOR,1,1,0,0
1999,NHL,VAN,VAN,1,1,0,0
1999,NHL,WAS,WAS,1,1,0,0
2000,NHL,ANA,ANA,2,2,1,0
2000,NHL,ATL,WPG,1,1,0,0
2000,NHL,BOS,BOS,2,2,1,0
2000,NHL,BUF,BUF,1,1,0,0
2000,NHL,CAL,CAL,2,2,1,1
2000,NHL,CAR,CAR,1,1,0,0
2000,NHL,CBS,CBS,1,1,0,
2000,NHL,CHI,CHI,1,1,0,1
2000,NHL,COL,COL,1,1,0,0
2000,NHL,DAL,DAL,1,1,0,0
2000,NHL,DET,DET,1,1,0,0
2000,NHL,EDM,EDM,1,1,0,1
2000,NHL,FLO,FLO,2,2,1,0
2000,NHL,LAK,LAK,1,1,0,0
2000,NHL,MIN,MIN,1,1,0,
2000,NHL,MTL,MTL,2,2,1,0
2000,NHL,NAS,NAS,1,1,0,0
2000,NHL,NJD,NJD,1,1,0,0
2000,NHL,NYI,NYI,2,2,1,0
2000,NHL,NYR,NYR,1,1,0,1
2000,NHL,OTT,OTT,1,1,0,0
2000,NHL,PHI,PHI,2,2,1,1
2000,NHL,PHO,PHO,1,1,0,0
2000,NHL,PIT,PIT,1,1,0,1
2000,NHL,SJS,SJS,1,1,0,0
2000,NHL,STL,STL,1,1,0,0
2000,NHL,TBL,TBL,2,2,1,0
2000,NHL,TOR,TOR,1,1,0,0
2000,NHL,VAN,VAN,1,1,0,0
2000,NHL,WAS,WAS,1,1,0,0
2001,NHL,ANA,ANA,1,1,0,1
2001,NHL,ATL,WPG,1,1,0,0
2001,NHL,BOS,BOS,1,1,0,1
2001,NHL,BUF,BUF,1,1,0,0
2001,NHL,CAL,CAL,1,1,0,0
2001,NHL,CAR,CAR,1,1,0,0
2001,NHL,CBS,CBS,1,1,0,0
2001,NHL,CHI,CHI,1,1,0,1
2001,NHL,COL,COL,1,1,0,0
2001,NHL,DAL,DAL,2,2,1,0
2001,NHL,DET,DET,1,1,0,0
2001,NHL,EDM,EDM,1,1,0,0
2001,NHL,FLO,FLO,2,2,1,0
2001,NHL,LAK,LAK,1,1,0,0
2001,NHL,MIN,MIN,1,1,0,0
2001,NHL,MTL,MTL,1,1,0,0
2001,NHL,NAS,NAS,1,1,0,0
2001,NHL,NJD,NJD,2,2,1,0
2001,NHL,NYI,NYI,1,1,0,1
2001,NHL,NYR,NYR,1,1,0,0
2001,NHL,OTT,OTT,2,3,1,0
2001,NHL,PHI,PHI,1,1,0,0
2001,NHL,PHO,PHO,1,1,0,0
2001,NHL,PIT,PIT,2,2,1,0
2001,NHL,SJS,SJS,1,1,0,0
2001,NHL,STL,STL,1,1,0,0
2001,NHL,TBL,TBL,1,1,0,0
2001,NHL,TOR,TOR,1,1,0,0
2001,NHL,VAN,VAN,1,1,0,0
2001,NHL,WAS,WAS,1,1,0,0
2002,NHL,ANA,ANA,1,1,0,1
2002,NHL,ATL,WPG,3,3,1,0
2002,NHL,BOS,BOS,2,2,1,0
2002,NHL,BUF,BUF,1,1,0,0
2002,NHL,CAL,CAL,3,3,1,0
2002,NHL,CAR,CAR,1,1,0,0
2002,NHL,CBS,CBS,2,2,1,0
2002,NHL,CHI,CHI,1,1,0,0
2002,NHL,COL,COL,2,2,1,0
2002,NHL,DAL,DAL,1,1,0,1
2002,NHL,DET,DET,1,1,0,1
2002,NHL,EDM,EDM,1,1,0,0
2002,NHL,FLO,FLO,1,1,0,0
2002,NHL,LAK,LAK,1,1,0,0
2002,NHL,MIN,MIN,1,1,0,0
2002,NHL,MTL,MTL,2,2,1,0
2002,NHL,NAS,NAS,1,1,0,0
2002,NHL,NJD,NJD,1,1,0,1
2002,NHL,NYI,NYI,1,1,0,0
2002,NHL,NYR,NYR,2,2,1,1
2002,NHL,OTT,OTT,1,1,0,0
2002,NHL,PHI,PHI,1,1,0,1
2002,NHL,PHO,PHO,1,1,0,0
2002,NHL,PIT,PIT,1,1,0,0
2002,NHL,SJS,SJS,3,3,1,0
2002,NHL,STL,STL,1,1,0,0
2002,NHL,TBL,TBL,1,1,0,0
2002,NHL,TOR,TOR,1,1,0,0
2002,NHL,VAN,VAN,1,1,0,0
2002,NHL,WAS,WAS,1,1,0,1
2003,NHL,ANA,ANA,1,1,0,0
2003,NHL,ATL,WPG,1,1,0,0
2003,NHL,BOS,BOS,1,1,0,1
2003,NHL,BUF,BUF,1,1,0,0
2003,NHL,CAL,CAL,1,1,0,0
2003,NHL,CAR,CAR,2,2,1,0
2003,NHL,CBS,CBS,2,2,1,0
2003,NHL,CHI,CHI,1,1,0,0
2003,NHL,COL,COL,1,1,0,0
2003,NHL,DAL,DAL,1,1,0,0
2003,NHL,DET,DET,1,1,0,0
2003,NHL,EDM,EDM,1,1,0,0
2003,NHL,FLO,FLO,3,3,1,0
2003,NHL,LAK,LAK,1,1,0,0
2003,NHL,MIN,MIN,1,1,0,0
2003,NHL,MTL,MTL,1,1,0,0
2003,NHL,NAS,NAS,1,1,0,0
2003,NHL,NJD,NJD,1,1,0,0
2003,NHL,NYI,NYI,1,1,0,1
2003,NHL,NYR,NYR,2,2,1,0
2003,NHL,OTT,OTT,1,1,0,0
2003,NHL,PHI,PHI,1,1,0,0
2003,NHL,PHO,PHO,2,2,1,0
2003,NHL,PIT,PIT,1,1,0,1
2003,NHL,SJS,SJS,1,1,0,0
2003,NHL,STL,STL,2,2,1,0
2003,NHL,TBL,TBL,1,1,0,0
2003,NHL,TOR,TOR,1,1,0,0
2003,NHL,VAN,VAN,1,1,0,0
2003,NHL,WAS,WAS,2,2,1,0
2005,NHL,ANA,ANA,1,1,0,
2005,NHL,ATL,WPG,1,1,0,
2005,NHL,BOS,BOS,1,1,0,
2005,NHL,BUF,BUF,1,1,0,
2005,NHL,CAL,CAL,1,1,0,
2005,NHL,CAR,CAR,1,1,0,
2005,NHL,CBS,CBS,1,1,0,
2005,NHL,CHI,CHI,1,1,0,
2005,NHL,COL,COL,1,1,0,
2005,NHL,DAL,DAL,1,1,0,
2005,NHL,DET,DET,1,1,0,
2005,NHL,EDM,EDM,1,1,0,
2005,NHL,FLO,FLO,1,1,0,
2005,NHL,LAK,LAK,2,2,1,
2005,NHL,MIN,MIN,1,1,0,
2005,NHL,MTL,MTL,2,2,1,
2005,NHL,NAS,NAS,1,1,0,
2005,NHL,NJD,NJD,2,2,1,
2005,NHL,NYI,NYI,2,2,1,
2005,NHL,NYR,NYR,1,1,0,
2005,NHL,OTT,OTT,1,1,0,
2005,NHL,PHI,PHI,1,1,0,
2005,NHL,PHO,PHO,1,1,0,
2005,NHL,PIT,PIT,2,2,1,
2005,NHL,SJS,SJS,1,1,0,
2005,NHL,STL,STL,1,1,0,
2005,NHL,TBL,TBL,1,1,0,
2005,NHL,TOR,TOR,1,1,0,
2005,NHL,VAN,VAN,1,1,0,
2005,NHL,WAS,WAS,1,1,0,
2006,NHL,AND,ANA,1,1,0,0
2006,NHL,ATL,WPG,1,1,0,0
2006,NHL,BOS,BOS,1,1,0,1
2006,NHL,BUF,BUF,1,1,0,0
2006,NHL,CAL,CAL,1,1,0,1
2006,NHL,CAR,CAR,1,1,0,0
2006,NHL,CBS,CBS,3,3,1,0
2006,NHL,CHI,CHI,2,2,1,0
2006,NHL,COL,COL,1,1,0,0
2006,NHL,DAL,DAL,1,1,0,0
2006,NHL,DET,DET,1,1,0,0
2006,NHL,EDM,EDM,1,1,0,0
2006,NHL,FLO,FLO,1,1,0,0
2006,NHL,LAK,LAK,1,1,0,1
2006,NHL,MIN,MIN,1,1,0,0
2006,NHL,MTL,MTL,1,1,0,1
2006,NHL,NAS,NAS,1,1,0,0
2006,NHL,NJD,NJD,2,2,1,1
2006,NHL,NYI,NYI,1,1,0,1
2006,NHL,NYR,NYR,1,1,0,0
2006,NHL,OTT,OTT,1,1,0,0
2006,NHL,PHI,PHI,2,2,1,0
2006,NHL,PHO,PHO,1,1,0,0
2006,NHL,PIT,PIT,1,1,0,0
2006,NHL,SJS,SJS,1,1,0,0
2006,NHL,STL,STL,2,2,1,0
2006,NHL,TBL,TBL,1,1,0,0
2006,NHL,TOR,TOR,1,1,0,1
2006,NHL,VAN,VAN,1,1,0,1
2006,NHL,WAS,WAS,1,1,0,0
2007,NHL,AND,ANA,1,1,0,0
2007,NHL,ATL,WPG,2,2,1,0
2007,NHL,BOS,BOS,1,1,0,1
2007,NHL,BUF,BUF,1,1,0,0
2007,NHL,CAL,CAL,1,1,0,1
2007,NHL,CAR,CAR,1,1,0,0
2007,NHL,CBS,CBS,1,1,0,0
2007,NHL,CHI,CHI,1,1,0,0
2007,NHL,COL,COL,1,1,0,0
2007,NHL,DAL,DAL,1,1,0,0
2007,NHL,DET,DET,1,1,0,0
2007,NHL,EDM,EDM,1,1,0,0
2007,NHL,FLO,FLO,1,1,0,0
2007,NHL,LAK,LAK,1,1,0,0
2007,NHL,MIN,MIN,1,1,0,0
2007,NHL,MTL,MTL,1,1,0,0
2007,NHL,NAS,NAS,1,1,0,0
2007,NHL,NJD,NJD,1,1,0,1
2007,NHL,NYI,NYI,2,3,1,0
2007,NHL,NYR,NYR,1,1,0,0
2007,NHL,OTT,OTT,2,2,1,1
2007,NHL,PHI,PHI,1,1,0,0
2007,NHL,PHO,PHO,1,1,0,0
2007,NHL,PIT,PIT,1,1,0,0
2007,NHL,SJS,SJS,1,1,0,0
2007,NHL,STL,STL,1,1,0,0
2007,NHL,TBL,TBL,1,1,0,0
2007,NHL,TOR,TOR,1,1,0,0
2007,NHL,VAN,VAN,1,1,0,0
2007,NHL,WAS,WAS,2,2,1,0
2008,NHL,AND,ANA,1,1,0,0
2008,NHL,ATL,WPG,1,1,0,1
2008,NHL,BOS,BOS,1,1,0,0
2008,NHL,BUF,BUF,1,1,0,0
2008,NHL,CAL,CAL,1,1,0,0
2008,NHL,CAR,CAR,2,2,1,0
2008,NHL,CBS,CBS,1,1,0,0
2008,NHL,CHI,CHI,2,2,1,0
2008,NHL,COL,COL,1,1,0,1
2008,NHL,DAL,DAL,1,1,0,0
2008,NHL,DET,DET,1,1,0,0
2008,NHL,EDM,EDM,1,1,0,0
2008,NHL,FLO,FLO,1,1,0,1
2008,NHL,LAK,LAK,1,1,0,1
2008,NHL,MIN,MIN,1,1,0,0
2008,NHL,MTL,MTL,2,2,1,0
2008,NHL,NAS,NAS,1,1,0,0
2008,NHL,NJD,NJD,1,1,0,0
2008,NHL,NYI,NYI,1,1,0,1
2008,NHL,NYR,NYR,2,2,1,0
2008,NHL,OTT,OTT,2,2,1,1
2008,NHL,PHI,PHI,1,1,0,0
2008,NHL,PHO,PHO,1,1,0,0
2008,NHL,PIT,PIT,2,2,1,0
2008,NHL,SJS,SJS,1,1,0,1
2008,NHL,STL,STL,1,1,0,0
2008,NHL,TBL,TBL,2,2,1,1
2008,NHL,TOR,TOR,1,1,0,1
2008,NHL,VAN,VAN,1,1,0,0
2008,NHL,WAS,WAS,1,1,0,0
2009,NHL,AND,ANA,1,1,0,0
2009,NHL,ATL,WPG,1,1,0,0
2009,NHL,BOS,BOS,1,1,0,0
2009,NHL,BUF,BUF,1,1,0,0
2009,NHL,CAL,CAL,1,1,0,1
2009,NHL,CAR,CAR,1,1,0,0
2009,NHL,CBS,CBS,2,2,1,0
2009,NHL,CHI,CHI,1,1,0,0
2009,NHL,COL,COL,1,1,0,1
2009,NHL,DAL,DAL,1,1,0,1
2009,NHL,DET,DET,1,1,0,0
2009,NHL,EDM,EDM,1,1,0,1
2009,NHL,FLO,FLO,1,1,0,0
2009,NHL,LAK,LAK,1,1,0,0
2009,NHL,MIN,MIN,1,1,0,1
2009,NHL,MTL,MTL,1,1,0,1
2009,NHL,NAS,NAS,1,1,0,0
2009,NHL,NJD,NJD,1,1,0,1
2009,NHL,NYI,NYI,1,1,0,0
2009,NHL,NYR,NYR,1,1,0,0
2009,NHL,OTT,OTT,1,1,0,0
2009,NHL,PHI,PHI,2,2,1,0
2009,NHL,PHO,PHO,1,1,0,0
2009,NHL,PIT,PIT,1,1,0,0
2009,NHL,SJS,SJS,1,1,0,0
2009,NHL,STL,STL,2,2,1,0
2009,NHL,TBL,TBL,1,1,0,0
2009,NHL,TOR,TOR,1,1,0,0
2009,NHL,VAN,VAN,1,1,0,0
2009,NHL,WAS,WAS,1,1,0,0
