table,column,dtype,missing_count,missing_pct,distinct_nonnull
AwardsCoaches,coachID,str,0,0.0,47
AwardsCoaches,award,str,0,0.0,5
AwardsCoaches,year,int64,0,0.0,53
AwardsCoaches,lgID,str,0,0.0,2
AwardsCoaches,note,float64,75,100.0,0
AwardsMisc,name,str,0,0.0,120
AwardsMisc,ID,str,37,30.83,83
AwardsMisc,award,str,0,0.0,1
AwardsMisc,year,int64,0,0.0,44
AwardsMisc,lgID,str,0,0.0,1
AwardsMisc,note,str,105,87.5,1
AwardsPlayers,playerID,str,0,0.0,617
AwardsPlayers,award,str,0,0.0,28
AwardsPlayers,year,int64,0,0.0,92
AwardsPlayers,lgID,str,0,0.0,2
AwardsPlayers,note,str,1898,93.91,8
AwardsPlayers,pos,str,826,40.87,7
Coaches,coachID,str,0,0.0,384
Coaches,year,int64,0,0.0,100
Coaches,tmID,str,0,0.0,111
Coaches,lgID,str,0,0.0,5
Coaches,stint,int64,0,0.0,3
Coaches,notes,str,1730,99.37,3
Coaches,g,float64,1,0.06,83
Coaches,w,float64,1,0.06,61
Coaches,l,float64,1,0.06,60
Coaches,t,float64,1,0.06,25
Coaches,postg,float64,846,48.59,25
Coaches,postw,float64,846,48.59,17
Coaches,postl,float64,846,48.59,12
Coaches,postt,float64,846,48.59,5
CombinedShutouts,year,int64,0,0.0,30
CombinedShutouts,month,int64,0,0.0,7
CombinedShutouts,date,int64,0,0.0,26
CombinedShutouts,tmID,str,0,0.0,25
CombinedShutouts,oppID,str,0,0.0,30
CombinedShutouts,R/P,str,0,0.0,2
CombinedShutouts,IDgoalie1,str,0,0.0,39
CombinedShutouts,IDgoalie2,str,0,0.0,44
Goalies,playerID,str,0,0.0,760
Goalies,year,int64,0,0.0,100
Goalies,stint,int64,0,0.0,3
Goalies,tmID,str,0,0.0,114
Goalies,lgID,str,0,0.0,5
Goalies,GP,float64,20,0.49,79
Goalies,Min,float64,20,0.49,2237
Goalies,W,float64,20,0.49,49
Goalies,L,float64,20,0.49,45
Goalies,T/OL,float64,20,0.49,23
Goalies,ENG,float64,744,18.16,13
Goalies,SHO,float64,20,0.49,17
Goalies,GA,float64,20,0.49,247
Goalies,SA,float64,1592,38.87,1329
Goalies,PostGP,float64,2705,66.04,26
Goalies,PostMin,float64,2705,66.04,640
Goalies,PostW,float64,2705,66.04,17
Goalies,PostL,float64,2705,66.04,12
Goalies,PostT,float64,3990,97.41,5
Goalies,PostENG,float64,2957,72.19,6
Goalies,PostSHO,float64,2705,66.04,8
Goalies,PostGA,float64,2705,66.04,66
Goalies,PostSA,float64,3329,81.27,365
GoaliesSC,playerID,str,0,0.0,11
GoaliesSC,year,int64,0,0.0,14
GoaliesSC,tmID,str,0,0.0,17
GoaliesSC,lgID,str,0,0.0,4
GoaliesSC,GP,int64,0,0.0,6
GoaliesSC,Min,int64,0,0.0,11
GoaliesSC,W,int64,0,0.0,6
GoaliesSC,L,int64,0,0.0,4
GoaliesSC,T,int64,0,0.0,2
GoaliesSC,SHO,int64,0,0.0,4
GoaliesSC,GA,int64,0,0.0,17
GoaliesShootout,playerID,str,0,0.0,113
GoaliesShootout,year,int64,0,0.0,5
GoaliesShootout,stint,int64,0,0.0,2
GoaliesShootout,tmID,str,0,0.0,31
GoaliesShootout,W,int64,0,0.0,11
GoaliesShootout,L,int64,0,0.0,10
GoaliesShootout,SA,int64,0,0.0,52
GoaliesShootout,GA,int64,0,0.0,21
HOF,year,int64,0,0.0,57
HOF,hofID,str,0,0.0,356
HOF,name,str,0,0.0,355
HOF,category,str,0,0.0,3
Master,playerID,str,233,3.12,7236
Master,coachID,str,7077,94.75,392
Master,hofID,str,7108,95.17,361
Master,firstName,str,13,0.17,1204
Master,lastName,str,0,0.0,4900
Master,nameNote,str,7451,99.76,18
Master,nameGiven,str,1488,19.92,3808
Master,nameNick,str,6164,82.53,997
Master,height,float64,421,5.64,19
Master,weight,float64,419,5.61,118
Master,shootCatch,str,423,5.66,3
Master,legendsID,str,893,11.96,6576
Master,ihdbID,float64,344,4.61,7125
Master,hrefID,str,299,4.0,7170
Master,firstNHL,float64,902,12.08,92
Master,lastNHL,float64,902,12.08,92
Master,firstWHA,float64,6566,87.91,7
Master,lastWHA,float64,6566,87.91,7
Master,pos,str,308,4.12,18
Master,birthYear,float64,218,2.92,125
Master,birthMon,float64,255,3.41,12
Master,birthDay,float64,257,3.44,31
Master,birthCountry,str,229,3.07,49
Master,birthState,str,1264,16.92,56
Master,birthCity,str,237,3.17,1885
Master,deathYear,float64,6152,82.37,97
Master,deathMon,float64,6299,84.34,12
Master,deathDay,float64,6304,84.4,31
Master,deathCountry,str,6973,93.36,14
Master,deathState,str,6999,93.71,44
Master,deathCity,str,6988,93.56,239
Scoring,playerID,str,0,0.0,7236
Scoring,year,int64,0,0.0,100
Scoring,stint,int64,0,0.0,4
Scoring,tmID,str,0,0.0,114
Scoring,lgID,str,0,0.0,5
Scoring,pos,str,578,1.32,24
Scoring,GP,float64,263,0.6,84
Scoring,G,float64,263,0.6,80
Scoring,A,float64,263,0.6,108
Scoring,Pts,float64,263,0.6,161
Scoring,PIM,float64,263,0.6,343
Scoring,+/-,float64,9697,22.12,150
Scoring,PPG,float64,8214,18.73,32
Scoring,PPA,float64,22922,52.28,53
Scoring,SHG,float64,8218,18.74,14
Scoring,SHA,float64,22748,51.88,11
Scoring,GWG,float64,9395,21.43,16
Scoring,GTG,float64,15742,35.9,8
Scoring,SOG,float64,9598,21.89,396
Scoring,PostGP,float64,25429,57.99,26
Scoring,PostG,float64,25429,57.99,20
Scoring,PostA,float64,25488,58.13,31
Scoring,PostPts,float64,25488,58.13,43
Scoring,PostPIM,float64,25488,58.13,99
Scoring,Post+/-,float64,33578,76.58,40
Scoring,PostPPG,float64,30090,68.62,10
Scoring,PostPPA,float64,35728,81.48,17
Scoring,PostSHG,float64,30090,68.62,4
Scoring,PostSHA,float64,35727,81.48,5
Scoring,PostGWG,float64,28925,65.97,8
Scoring,PostSOG,float64,34190,77.97,96
ScoringSC,playerID,str,0,0.0,141
ScoringSC,year,int64,0,0.0,14
ScoringSC,tmID,str,0,0.0,17
ScoringSC,lgID,str,0,0.0,4
ScoringSC,pos,str,0,0.0,11
ScoringSC,GP,int64,0,0.0,6
ScoringSC,G,int64,0,0.0,11
ScoringSC,A,int64,0,0.0,6
ScoringSC,Pts,int64,0,0.0,11
ScoringSC,PIM,int64,0,0.0,28
ScoringShootout,playerID,str,0,0.0,573
ScoringShootout,year,int64,0,0.0,5
ScoringShootout,stint,int64,0,0.0,3
ScoringShootout,tmID,str,0,0.0,31
ScoringShootout,S,int64,0,0.0,18
ScoringShootout,G,int64,0,0.0,10
ScoringShootout,GDG,int64,0,0.0,7
ScoringSup,playerID,str,0,0.0,119
ScoringSup,year,int64,0,0.0,4
ScoringSup,PPA,float64,10,7.3,26
ScoringSup,SHA,float64,96,70.07,4
SeriesPost,year,int64,0,0.0,97
SeriesPost,round,str,0,0.0,13
SeriesPost,series,str,93,11.6,15
SeriesPost,tmIDWinner,str,0,0.0,60
SeriesPost,lgIDWinner,str,0,0.0,5
SeriesPost,tmIDLoser,str,0,0.0,80
SeriesPost,lgIDLoser,str,0,0.0,5
SeriesPost,W,int64,0,0.0,5
SeriesPost,L,int64,0,0.0,5
SeriesPost,T,int64,0,0.0,3
SeriesPost,GoalsWinner,int64,0,0.0,37
SeriesPost,GoalsLoser,int64,0,0.0,32
SeriesPost,note,str,743,92.64,4
TeamSplits,year,int64,0,0.0,100
TeamSplits,lgID,str,0,0.0,5
TeamSplits,tmID,str,0,0.0,114
TeamSplits,hW,int64,0,0.0,35
TeamSplits,hL,int64,0,0.0,32
TeamSplits,hT,float64,150,10.28,14
TeamSplits,hOTL,float64,1161,79.58,12
TeamSplits,rW,int64,0,0.0,30
TeamSplits,rL,int64,0,0.0,39
TeamSplits,rT,float64,150,10.28,16
TeamSplits,rOTL,float64,1161,79.58,11
TeamSplits,SepW,float64,1457,99.86,1
TeamSplits,SepL,float64,1457,99.86,1
TeamSplits,SepT,float64,1459,100.0,0
TeamSplits,SepOL,float64,1457,99.86,1
TeamSplits,OctW,float64,320,21.93,12
TeamSplits,OctL,float64,320,21.93,13
TeamSplits,OctT,float64,470,32.21,7
TeamSplits,OctOL,float64,1161,79.58,6
TeamSplits,NovW,float64,161,11.03,13
TeamSplits,NovL,float64,161,11.03,14
TeamSplits,NovT,float64,311,21.32,9
TeamSplits,NovOL,float64,1161,79.58,5
TeamSplits,DecW,float64,46,3.15,14
TeamSplits,DecL,float64,46,3.15,14
TeamSplits,DecT,float64,196,13.43,8
TeamSplits,DecOL,float64,1161,79.58,6
TeamSplits,JanW,float64,4,0.27,14
TeamSplits,JanL,float64,4,0.27,15
TeamSplits,JanT,float64,154,10.56,9
TeamSplits,JanOL,float64,1161,79.58,6
TeamSplits,FebW,float64,9,0.62,14
TeamSplits,FebL,float64,9,0.62,13
TeamSplits,FebT,float64,159,10.9,8
TeamSplits,FebOL,float64,1161,79.58,6
TeamSplits,MarW,float64,34,2.33,14
TeamSplits,MarL,float64,34,2.33,15
TeamSplits,MarT,float64,184,12.61,8
TeamSplits,MarOL,float64,1161,79.58,6
TeamSplits,AprW,float64,501,34.34,11
TeamSplits,AprL,float64,501,34.34,11
TeamSplits,AprT,float64,651,44.62,6
TeamSplits,AprOL,float64,1161,79.58,4
TeamVsTeam,year,int64,0,0.0,100
TeamVsTeam,lgID,str,0,0.0,5
TeamVsTeam,tmID,str,0,0.0,114
TeamVsTeam,oppID,str,0,0.0,114
TeamVsTeam,W,int64,0,0.0,14
TeamVsTeam,L,int64,0,0.0,14
TeamVsTeam,T,float64,3900,16.34,9
TeamVsTeam,OTL,float64,15728,65.91,5
Teams,year,int64,0,0.0,100
Teams,lgID,str,0,0.0,5
Teams,tmID,str,0,0.0,114
Teams,franchID,str,0,0.0,65
Teams,confID,str,617,42.29,4
Teams,divID,str,348,23.85,17
Teams,rank,int64,0,0.0,10
Teams,playoff,str,555,38.04,24
Teams,G,int64,0,0.0,33
Teams,W,int64,0,0.0,61
Teams,L,int64,0,0.0,63
Teams,T,float64,150,10.28,25
Teams,OTL,float64,1161,79.58,18
Teams,Pts,int64,0,0.0,122
Teams,SoW,float64,1309,89.72,14
Teams,SoL,float64,1309,89.72,11
Teams,GF,int64,0,0.0,326
Teams,GA,int64,0,0.0,333
Teams,name,str,0,0.0,103
Teams,PIM,float64,110,7.54,950
Teams,BenchMinor,float64,491,33.65,26
Teams,PPG,float64,418,28.65,88
Teams,PPC,float64,419,28.72,285
Teams,SHA,float64,418,28.65,23
Teams,PKG,float64,418,28.65,90
Teams,PKC,float64,419,28.72,286
Teams,SHF,float64,418,28.65,28
TeamsHalf,year,int64,0,0.0,5
TeamsHalf,lgID,str,0,0.0,2
TeamsHalf,tmID,str,0,0.0,13
TeamsHalf,half,int64,0,0.0,2
TeamsHalf,rank,int64,0,0.0,6
TeamsHalf,G,int64,0,0.0,6
TeamsHalf,W,int64,0,0.0,10
TeamsHalf,L,int64,0,0.0,11
TeamsHalf,T,int64,0,0.0,1
TeamsHalf,GF,int64,0,0.0,32
TeamsHalf,GA,int64,0,0.0,34
TeamsPost,year,int64,0,0.0,95
TeamsPost,lgID,str,0,0.0,5
TeamsPost,tmID,str,0,0.0,77
TeamsPost,G,int64,0,0.0,25
TeamsPost,W,int64,0,0.0,17
TeamsPost,L,int64,0,0.0,12
TeamsPost,T,int64,0,0.0,5
TeamsPost,GF,int64,0,0.0,91
TeamsPost,GA,int64,0,0.0,77
TeamsPost,PIM,float64,86,9.61,335
TeamsPost,BenchMinor,float64,355,39.66,8
TeamsPost,PPG,float64,291,32.51,31
TeamsPost,PPC,float64,347,38.77,115
TeamsPost,SHA,float64,323,36.09,9
TeamsPost,PKG,float64,291,32.51,27
TeamsPost,PKC,float64,347,38.77,113
TeamsPost,SHF,float64,291,32.51,11
TeamsSC,year,int64,0,0.0,14
TeamsSC,lgID,str,0,0.0,4
TeamsSC,tmID,str,0,0.0,17
TeamsSC,G,int64,0,0.0,5
TeamsSC,W,int64,0,0.0,6
TeamsSC,L,int64,0,0.0,4
TeamsSC,T,int64,0,0.0,2
TeamsSC,GF,int64,0,0.0,17
TeamsSC,GA,int64,0,0.0,16
TeamsSC,PIM,float64,22,73.33,7
abbrev,Type,str,0,0.0,4
abbrev,Code,str,0,0.0,49
abbrev,Fullname,str,0,0.0,58
